<metadata xml:lang="en">
	<Esri>
		<CreaDate>20220630</CreaDate>
		<CreaTime>09393000</CreaTime>
		<ArcGISFormat>1.0</ArcGISFormat>
		<SyncOnce>FALSE</SyncOnce>
		<DataProperties>
			<itemProps>
				<itemName Sync="TRUE">BOEMWindLeases_6_30_2022</itemName>
				<itemLocation>
					<linkage Sync="TRUE">file://\\IOEVASTLT052117\C$\GIS Working\Offshore Wind Layers\ShapefileExport\Current\BOEMWindLeases_6_30_2022.shp</linkage>
					<protocol Sync="TRUE">Local Area Network</protocol>
				</itemLocation>
				<imsContentType Sync="TRUE">002</imsContentType><nativeExtBox><westBL Sync="TRUE">-78.082261</westBL><eastBL Sync="TRUE">-70.021549</eastBL><southBL Sync="TRUE">33.359760</southBL><northBL Sync="TRUE">41.326455</northBL><exTypeCode Sync="TRUE">1</exTypeCode></nativeExtBox><itemSize Sync="TRUE">0.000</itemSize></itemProps>
			<coordRef>
				<type Sync="TRUE">Geographic</type>
				<geogcsn Sync="TRUE">GCS_WGS_1984</geogcsn>
				<csUnits Sync="TRUE">Angular Unit: Degree (0.017453)</csUnits>
				<peXml Sync="TRUE">&lt;GeographicCoordinateSystem xsi:type='typens:GeographicCoordinateSystem' xmlns:xsi='http://www.w3.org/2001/XMLSchema-instance' xmlns:xs='http://www.w3.org/2001/XMLSchema' xmlns:typens='http://www.esri.com/schemas/ArcGIS/2.7.0'&gt;&lt;WKT&gt;GEOGCS[&amp;quot;GCS_WGS_1984&amp;quot;,DATUM[&amp;quot;D_WGS_1984&amp;quot;,SPHEROID[&amp;quot;WGS_1984&amp;quot;,6378137.0,298.257223563]],PRIMEM[&amp;quot;Greenwich&amp;quot;,0.0],UNIT[&amp;quot;Degree&amp;quot;,0.0174532925199433],AUTHORITY[&amp;quot;EPSG&amp;quot;,4326]]&lt;/WKT&gt;&lt;XOrigin&gt;-400&lt;/XOrigin&gt;&lt;YOrigin&gt;-400&lt;/YOrigin&gt;&lt;XYScale&gt;11258999068426.238&lt;/XYScale&gt;&lt;ZOrigin&gt;-100000&lt;/ZOrigin&gt;&lt;ZScale&gt;10000&lt;/ZScale&gt;&lt;MOrigin&gt;-100000&lt;/MOrigin&gt;&lt;MScale&gt;10000&lt;/MScale&gt;&lt;XYTolerance&gt;8.983152841195215e-09&lt;/XYTolerance&gt;&lt;ZTolerance&gt;0.001&lt;/ZTolerance&gt;&lt;MTolerance&gt;0.001&lt;/MTolerance&gt;&lt;HighPrecision&gt;true&lt;/HighPrecision&gt;&lt;LeftLongitude&gt;-180&lt;/LeftLongitude&gt;&lt;WKID&gt;4326&lt;/WKID&gt;&lt;LatestWKID&gt;4326&lt;/LatestWKID&gt;&lt;/GeographicCoordinateSystem&gt;</peXml>
			</coordRef>
			<lineage>
				<Process ToolSource="c:\program files\arcgis\pro\Resources\ArcToolbox\toolboxes\Conversion Tools.tbx\FeatureClassToFeatureClass" Date="20220630" Time="092548">FeatureClassToFeatureClass "BOEM Wind Leases" "C:\GIS Working\Offshore Wind Layers\BOEMWindLayers_4Download.gdb" WindLeases_6_30_2022 # "LEASE_NUMBER "Lease Number" true true false 50 Text 0 0,First,#,BOEM Wind Leases,LEASE_NUMBER,0,50;LEASE_TYPE "Lease_Type" true true false 50 Text 0 0,First,#,BOEM Wind Leases,LEASE_TYPE,0,50;RESOURCE "Resource" true true false 50 Text 0 0,First,#,BOEM Wind Leases,RESOURCE,0,50;COMPANY "Company" true true false 80 Text 0 0,First,#,BOEM Wind Leases,COMPANY,0,80;LEASE_NUMBER_COMPANY "Lease Number with Company Name" true true false 200 Text 0 0,First,#,BOEM Wind Leases,LEASE_NUMBER_COMPANY,0,200;LEASE_DATE "Lease_Date" true true false 20 Text 0 0,First,#,BOEM Wind Leases,LEASE_DATE,0,20;LEASE_TERM "Lease_Term" true true false 50 Text 0 0,First,#,BOEM Wind Leases,LEASE_TERM,0,50;PROJECT_EASEMENT "Project Easement" true true false 50 Text 0 0,First,#,BOEM Wind Leases,PROJECT_EASEMENT,0,50;STATE "State" true true false 50 Text 0 0,First,#,BOEM Wind Leases,STATE,0,50;PROTRACTION_NUMBER "Protraction Number" true true false 7 Text 0 0,First,#,BOEM Wind Leases,PROTRACTION_NUMBER,0,7;PROTRACTION_NAME "Name of Protraction Diagram" true true false 50 Text 0 0,First,#,BOEM Wind Leases,PROTRACTION_NAME,0,50;BLOCK_NUMBER "Block Number" true true false 10 Text 0 0,First,#,BOEM Wind Leases,BLOCK_NUMBER,0,10;BLOCK_LABEL "Block Label" true true false 6 Text 0 0,First,#,BOEM Wind Leases,BLOCK_LABEL,0,6;SUB_BLOCK "Sub Block" true true false 5 Text 0 0,First,#,BOEM Wind Leases,SUB_BLOCK,0,5;LEASE_DOCUMENT1 "Lease Document1 Link" true true false 254 Text 0 0,First,#,BOEM Wind Leases,LEASE_DOCUMENT1,0,254;LEASE_DOCUMENT2 "Lease Document2 Link" true true false 254 Text 0 0,First,#,BOEM Wind Leases,LEASE_DOCUMENT2,0,254;Shape__Area "Shape.STArea()" false true true 0 Double 0 0,First,#,BOEM Wind Leases,Shape__Area,-1,-1;Shape__Length "Shape.STLength()" false true true 0 Double 0 0,First,#,BOEM Wind Leases,Shape__Length,-1,-1" #</Process>
				<Process ToolSource="c:\program files\arcgis\pro\Resources\ArcToolbox\toolboxes\Data Management Tools.tbx\Rename" Date="20220630" Time="092713">Rename "C:\GIS Working\Offshore Wind Layers\BOEMWindLayers_4Download.gdb\WindLeases_6_30_2022" "C:\GIS Working\Offshore Wind Layers\BOEMWindLayers_4Download.gdb\BOEMWindLeases_6_30_2022" FeatureClass</Process>
				<Process ToolSource="c:\program files\arcgis\pro\Resources\ArcToolbox\toolboxes\Data Management Tools.tbx\CopyMultiple" Date="20220630" Time="093931">CopyMultiple "'C:\GIS Working\Offshore Wind Layers\BOEMWindLayers_4Download.gdb\BOEM_MHKLeasesandPlanningAreas' FeatureClass;'C:\GIS Working\Offshore Wind Layers\BOEMWindLayers_4Download.gdb\BOEMWindLeaseOutlines_6_30_2022' FeatureClass;'C:\GIS Working\Offshore Wind Layers\BOEMWindLayers_4Download.gdb\BOEMWindLeases_6_30_2022' FeatureClass;'C:\GIS Working\Offshore Wind Layers\BOEMWindLayers_4Download.gdb\BOEMWindPlanningAreaOutlines_6_1_2022' FeatureClass;'C:\GIS Working\Offshore Wind Layers\BOEMWindLayers_4Download.gdb\BOEMWindPlanningAreas_06_01_2022' FeatureClass" "C:\GIS Working\BOEMWindLayers_4Download.gdb" BOEM_MHKLeasesandPlanningAreas_1;BOEMWindLeaseOutlines_6_30_2022;BOEMWindLeases_6_30_2022;BOEMWindPlanningAreaOutlines_6_1_2022;BOEMWindPlanningAreas_06_01_2022 "BOEM_MHKLeasesandPlanningAreas FeatureClass BOEM_MHKLeasesandPlanningAreas_1 #;BOEMWindLeaseOutlines_6_30_2022 FeatureClass BOEMWindLeaseOutlines_6_30_2022 #;BOEMWindLeases_6_30_2022 FeatureClass BOEMWindLeases_6_30_2022 #;BOEMWindPlanningAreaOutlines_6_1_2022 FeatureClass BOEMWindPlanningAreaOutlines_6_1_2022 #;BOEMWindPlanningAreas_06_01_2022 FeatureClass BOEMWindPlanningAreas_06_01_2022 #"</Process>
				<Process ToolSource="c:\program files\arcgis\pro\Resources\ArcToolbox\toolboxes\Data Management Tools.tbx\CopyFeatures" Date="20220630" Time="104200">CopyFeatures "C:\GIS Working\BOEMWindLayers_4Download.gdb\BOEMWindLeases_6_30_2022" "C:\GIS Working\Offshore Wind Layers\ShapefileExport\Current\BOEMWindLeases_6_30_2022.shp" # # # #</Process></lineage>
		</DataProperties>
		<SyncDate>20220630</SyncDate>
		<SyncTime>10420000</SyncTime>
		<ModDate>20220630</ModDate>
		<ModTime>10420000</ModTime>
	</Esri>
	<mdChar>
		<CharSetCd value="004"/>
	</mdChar>
	<mdHrLv>
		<ScopeCd value="005"/>
	</mdHrLv>
	<mdContact>
		<rpIndName>Josh Wadlington</rpIndName>
		<rpOrgName>Bureau of Ocean Energy Management</rpOrgName>
		<rpPosName>Geographer</rpPosName>
		<role>
			<RoleCd value="007"/>
		</role>
	</mdContact>
	<mdDateSt>20220328</mdDateSt>
	<mdStanName>ArcGIS Metadata</mdStanName>
	<mdStanVer>1.0</mdStanVer>
	<dataIdInfo>
		<idCitation>
			<resTitle>BOEM Lease Areas</resTitle>
			<date>
				<pubDate>2018-04-09</pubDate>
			</date>
			<presForm>
				<PresFormCd value="005"/>
			</presForm>
			<presForm>
				<fgdcGeoform>vector digital data</fgdcGeoform>
			</presForm>
		</idCitation>
		<idAbs>Active renewable energy leasing areas on the Atlantic OCS. </idAbs>
		<idPurp>Active renewable energy leasing areas on the Atlantic OCS. Currently active leases and grants include: 
Commercial Leases: Rhode Island / Massachusetts (RIMA), Rhode Island, Massachusetts, New York, Delaware, Maryland, New Jersey, Virginia, North Carolina; 
Research Lease: Virginia;
ROW Grant: Rhode Island</idPurp>
		<idCredit>Public information, no credit necessary.

Compiler is Stephen Creed - Bureau of Ocean Energy Management.
Additional collaborators are Christine Taylor and Frank Pendleton - Bureau of Ocean Energy Management.
</idCredit>
		<idPoC>
			<rpIndName>Josh Wadlington</rpIndName>
			<rpOrgName>Bureau of Ocean Energy Management</rpOrgName>
			<rpPosName>Geographer</rpPosName>
			<role>
				<RoleCd value="007"/>
			</role>
		</idPoC>
		<resMaint>
			<maintFreq>
				<MaintFreqCd value="009"/>
			</maintFreq>
		</resMaint>
		<themeKeys>
			<keyword>economy</keyword>
			<keyword>boundaries</keyword>
			<keyword>society</keyword>
			<keyword>structure</keyword>
			<keyword>oceans</keyword>
			<keyword>location</keyword>
			<keyword>planningCadastre</keyword>
			<keyword>environment</keyword>
			<thesaName>
				<resTitle>ISO 19115 Topic Categories</resTitle>
			</thesaName>
		</themeKeys>
		<themeKeys>
			<keyword>Commercial Lease</keyword>
			<keyword>Final Sale Notice</keyword>
			<keyword>Cadastre Theme</keyword>
			<keyword>Delaware</keyword>
			<keyword>NGDA Portfolio Themes</keyword>
			<keyword>New York</keyword>
			<keyword>Massachusetts</keyword>
			<keyword>RIMA</keyword>
			<keyword>Proposed Sale Notice</keyword>
			<keyword>BOEMRE</keyword>
			<keyword>North Carolina</keyword>
			<keyword>Right-of-Way Grant</keyword>
			<keyword>Bureau of Ocean Energy Management</keyword>
			<keyword>Offshore Wind</keyword>
			<keyword>National Geospatial Data Asset</keyword>
			<keyword>Atlantic</keyword>
			<keyword>North Atlantic</keyword>
			<keyword>Easement</keyword>
			<keyword>BOEM</keyword>
			<keyword>Cape Wind</keyword>
			<keyword>IP Lease</keyword>
			<keyword>Virginia</keyword>
			<keyword>Interim Policy</keyword>
			<keyword>NGDA</keyword>
			<keyword>Marine Hydrokinetic</keyword>
			<keyword>Research Lease</keyword>
			<keyword>Maryland</keyword>
			<keyword>Rhode Island</keyword>
			<keyword>MMS</keyword>
			<keyword>FSN</keyword>
			<keyword>PSN</keyword>
			<keyword>MHK</keyword>
			<keyword>New Jersey</keyword>
			<keyword>Mid Atlantic</keyword>
			<keyword>Lease Area</keyword>
		</themeKeys>
		<searchKeys>
			<keyword>economy</keyword>
			<keyword>boundaries</keyword>
			<keyword>society</keyword>
			<keyword>structure</keyword>
			<keyword>oceans</keyword>
			<keyword>location</keyword>
			<keyword>planningCadastre</keyword>
			<keyword>environment</keyword>
			<keyword>Commercial Lease</keyword>
			<keyword>Final Sale Notice</keyword>
			<keyword>Cadastre Theme</keyword>
			<keyword>Delaware</keyword>
			<keyword>NGDA Portfolio Themes</keyword>
			<keyword>New York</keyword>
			<keyword>Massachusetts</keyword>
			<keyword>RIMA</keyword>
			<keyword>Proposed Sale Notice</keyword>
			<keyword>BOEMRE</keyword>
			<keyword>North Carolina</keyword>
			<keyword>Right-of-Way Grant</keyword>
			<keyword>Bureau of Ocean Energy Management</keyword>
			<keyword>Offshore Wind</keyword>
			<keyword>National Geospatial Data Asset</keyword>
			<keyword>Atlantic</keyword>
			<keyword>North Atlantic</keyword>
			<keyword>Easement</keyword>
			<keyword>BOEM</keyword>
			<keyword>Cape Wind</keyword>
			<keyword>IP Lease</keyword>
			<keyword>Virginia</keyword>
			<keyword>Interim Policy</keyword>
			<keyword>NGDA</keyword>
			<keyword>Marine Hydrokinetic</keyword>
			<keyword>Research Lease</keyword>
			<keyword>Maryland</keyword>
			<keyword>Rhode Island</keyword>
			<keyword>MMS</keyword>
			<keyword>FSN</keyword>
			<keyword>PSN</keyword>
			<keyword>MHK</keyword>
			<keyword>New Jersey</keyword>
			<keyword>Mid Atlantic</keyword>
			<keyword>Lease Area</keyword>
		</searchKeys>
		<resConst>
			<Consts><useLimit>Not for navigational use. Not to be used for leasing purposes. For visual purposes only.</useLimit>
			</Consts>
		</resConst>
		<spatRpType>
			<SpatRepTypCd value="001"/>
		</spatRpType>
		<tpCat>
			<TopicCatCd value="003"/>
		</tpCat>
		<tpCat>
			<TopicCatCd value="005"/>
		</tpCat>
		<tpCat>
			<TopicCatCd value="007"/>
		</tpCat>
		<tpCat>
			<TopicCatCd value="013"/>
		</tpCat>
		<tpCat>
			<TopicCatCd value="014"/>
		</tpCat>
		<tpCat>
			<TopicCatCd value="015"/>
		</tpCat>
		<tpCat>
			<TopicCatCd value="016"/>
		</tpCat>
		<tpCat>
			<TopicCatCd value="017"/>
		</tpCat>
		<envirDesc>Esri ArcGIS 10.4.1.5686</envirDesc>
		<dataExt>
			<geoEle>
				<GeoBndBox>
					<exTypeCode>true</exTypeCode>
					<westBL>-75.903466</westBL>
					<eastBL>-70.221044</eastBL>
					<northBL>41.551403</northBL>
					<southBL>36.141111</southBL>
				</GeoBndBox>
			</geoEle>
		</dataExt>
		<dataLang><languageCode value="eng" Sync="TRUE"></languageCode><countryCode value="USA" Sync="TRUE"></countryCode></dataLang><dataExt><geoEle><GeoBndBox esriExtentType="search"><exTypeCode Sync="TRUE">1</exTypeCode><westBL Sync="TRUE">-78.082261</westBL><eastBL Sync="TRUE">-70.021549</eastBL><northBL Sync="TRUE">41.326455</northBL><southBL Sync="TRUE">33.359760</southBL></GeoBndBox></geoEle></dataExt></dataIdInfo>
	<dqInfo>
		<dqScope>
			<scpLvl>
				<ScopeCd value="005"/>
			</scpLvl>
		</dqScope>
		<dataLineage>
			<prcStep>
				<stepDesc>Visual inspection</stepDesc>
				<stepDateTm>2016-03-22</stepDateTm>
			</prcStep>
		</dataLineage>
	</dqInfo>
	<spatRepInfo>
		<VectSpatRep><geometObjs Name="BOEMWindLeases_6_30_2022"><geoObjTyp><GeoObjTypCd value="002" Sync="TRUE"></GeoObjTypCd></geoObjTyp><geoObjCnt Sync="TRUE">0</geoObjCnt></geometObjs><topLvl><TopoLevCd value="001" Sync="TRUE"></TopoLevCd></topLvl></VectSpatRep></spatRepInfo>
	<eainfo>
		<detailed Name="BOEMWindLeases_6_30_2022">
			<enttyp>
				<enttypl>BOEM_Lease_Areas_2_13_2019</enttypl>
				<enttypd>BOEM Lease Areas</enttypd>
				<enttypds>BOEM</enttypds>
				<enttypt Sync="TRUE">Feature Class</enttypt><enttypc Sync="TRUE">0</enttypc></enttyp>
			<attr><attrlabl Sync="TRUE">FID</attrlabl><attalias Sync="TRUE">FID</attalias><attrtype Sync="TRUE">OID</attrtype><attwidth Sync="TRUE">4</attwidth><atprecis Sync="TRUE">0</atprecis><attscale Sync="TRUE">0</attscale><attrdef Sync="TRUE">Internal feature number.</attrdef><attrdefs Sync="TRUE">Esri</attrdefs><attrdomv><udom Sync="TRUE">Sequential unique whole numbers that are automatically generated.</udom></attrdomv></attr><attr>
				<attrlabl>Shape</attrlabl>
				<attrdef>Feature geometry.</attrdef>
				<attrdefs>ESRI</attrdefs>
				<attrdomv>
					<udom>Coordinates defining the features.</udom>
				</attrdomv>
				<attalias Sync="TRUE">Shape</attalias><attrtype Sync="TRUE">Geometry</attrtype><attwidth Sync="TRUE">0</attwidth><atprecis Sync="TRUE">0</atprecis><attscale Sync="TRUE">0</attscale></attr>
			<attr><attrlabl Sync="TRUE">LEASE_NUMB</attrlabl><attalias Sync="TRUE">LEASE_NUMB</attalias><attrtype Sync="TRUE">String</attrtype><attwidth Sync="TRUE">50</attwidth><atprecis Sync="TRUE">0</atprecis><attscale Sync="TRUE">0</attscale></attr><attr>
				<attrlabl>State</attrlabl>
				<attrdef>State(s) task force involved during project planning</attrdef>
				<attrdefs>BOEM - OREP</attrdefs>
				<attrdomv>
					<udom>State(s) task force involved during project planning</udom>
				</attrdomv>
				<attalias Sync="TRUE">STATE</attalias><attrtype Sync="TRUE">String</attrtype><attwidth Sync="TRUE">50</attwidth><atprecis Sync="TRUE">0</atprecis><attscale Sync="TRUE">0</attscale></attr>
			<attr>
				<attrlabl>Lease_Date</attrlabl>
				<attrdef>Effective date of lease or grant</attrdef>
				<attrdefs>BOEM - OREP</attrdefs>
				<attrdomv>
					<udom>Effective date of lease or grant</udom>
				</attrdomv>
				<attalias Sync="TRUE">LEASE_DATE</attalias><attrtype Sync="TRUE">String</attrtype><attwidth Sync="TRUE">20</attwidth><atprecis Sync="TRUE">0</atprecis><attscale Sync="TRUE">0</attscale></attr>
			<attr>
				<attrlabl>Lease_Type</attrlabl>
				<attrdef>Lease types can include Commercial, Research, Interim Policy, Right-of-Way Grant</attrdef>
				<attrdefs>BOEM - OREP</attrdefs>
				<attrdomv>
					<udom>Lease types can include Commercial, Research, Interim Policy, Right-of-Way Grant</udom>
				</attrdomv>
				<attalias Sync="TRUE">LEASE_TYPE</attalias><attrtype Sync="TRUE">String</attrtype><attwidth Sync="TRUE">50</attwidth><atprecis Sync="TRUE">0</atprecis><attscale Sync="TRUE">0</attscale></attr>
			<attr><attrlabl Sync="TRUE">LEASE_NU_1</attrlabl><attalias Sync="TRUE">LEASE_NU_1</attalias><attrtype Sync="TRUE">String</attrtype><attwidth Sync="TRUE">200</attwidth><atprecis Sync="TRUE">0</atprecis><attscale Sync="TRUE">0</attscale></attr><attr>
				<attrlabl>Resource</attrlabl>
				<attrdef>Type of energy source – wind, hydrokinetic</attrdef>
				<attrdefs>BOEM - OREP</attrdefs>
				<attrdomv>
					<udom>Type of energy source – wind, hydrokinetic</udom>
				</attrdomv>
				<attalias Sync="TRUE">RESOURCE</attalias><attrtype Sync="TRUE">String</attrtype><attwidth Sync="TRUE">50</attwidth><atprecis Sync="TRUE">0</atprecis><attscale Sync="TRUE">0</attscale></attr>
			<attr>
				<attrlabl>Company</attrlabl>
				<attrdef>Lease holder</attrdef>
				<attrdefs>BOEM - OREP</attrdefs>
				<attrdomv>
					<udom>Lease holder</udom>
				</attrdomv>
				<attalias Sync="TRUE">COMPANY</attalias><attrtype Sync="TRUE">String</attrtype><attwidth Sync="TRUE">80</attwidth><atprecis Sync="TRUE">0</atprecis><attscale Sync="TRUE">0</attscale></attr>
			<attr><attrlabl Sync="TRUE">PROJECT_EA</attrlabl><attalias Sync="TRUE">PROJECT_EA</attalias><attrtype Sync="TRUE">String</attrtype><attwidth Sync="TRUE">50</attwidth><atprecis Sync="TRUE">0</atprecis><attscale Sync="TRUE">0</attscale></attr><attr>
				<attrlabl>Lease_Term</attrlabl>
				<attrdef>Length of lease term in years</attrdef>
				<attrdefs>BOEM - OREP</attrdefs>
				<attrdomv>
					<udom>Length of the operations term in years. Lease terms and their duration are defined in Addendum "B" of the lease. There are three types of lease terms: preliminary, site assessment, and operations. This attribute is the duration of the operations term only, for the length of the other lease terms see the lease document.</udom>
				</attrdomv>
				<attalias Sync="TRUE">LEASE_TERM</attalias><attrtype Sync="TRUE">String</attrtype><attwidth Sync="TRUE">50</attwidth><atprecis Sync="TRUE">0</atprecis><attscale Sync="TRUE">0</attscale></attr>
			<attr><attrlabl Sync="TRUE">PROTRACTIO</attrlabl><attalias Sync="TRUE">PROTRACTIO</attalias><attrtype Sync="TRUE">String</attrtype><attwidth Sync="TRUE">7</attwidth><atprecis Sync="TRUE">0</atprecis><attscale Sync="TRUE">0</attscale></attr><attr><attrlabl Sync="TRUE">PROTRACT_1</attrlabl><attalias Sync="TRUE">PROTRACT_1</attalias><attrtype Sync="TRUE">String</attrtype><attwidth Sync="TRUE">50</attwidth><atprecis Sync="TRUE">0</atprecis><attscale Sync="TRUE">0</attscale></attr><attr><attrlabl Sync="TRUE">BLOCK_NUMB</attrlabl><attalias Sync="TRUE">BLOCK_NUMB</attalias><attrtype Sync="TRUE">String</attrtype><attwidth Sync="TRUE">10</attwidth><atprecis Sync="TRUE">0</atprecis><attscale Sync="TRUE">0</attscale></attr><attr><attrlabl Sync="TRUE">BLOCK_LABE</attrlabl><attalias Sync="TRUE">BLOCK_LABE</attalias><attrtype Sync="TRUE">String</attrtype><attwidth Sync="TRUE">6</attwidth><atprecis Sync="TRUE">0</atprecis><attscale Sync="TRUE">0</attscale></attr><attr>
				<attrlabl>SUB_BLOCK</attrlabl>
				<attalias Sync="TRUE">SUB_BLOCK</attalias><attrtype Sync="TRUE">String</attrtype><attwidth Sync="TRUE">5</attwidth><atprecis Sync="TRUE">0</atprecis><attscale Sync="TRUE">0</attscale></attr>
			<attr><attrlabl Sync="TRUE">LEASE_DOCU</attrlabl><attalias Sync="TRUE">LEASE_DOCU</attalias><attrtype Sync="TRUE">String</attrtype><attwidth Sync="TRUE">254</attwidth><atprecis Sync="TRUE">0</atprecis><attscale Sync="TRUE">0</attscale></attr><attr><attrlabl Sync="TRUE">LEASE_DO_1</attrlabl><attalias Sync="TRUE">LEASE_DO_1</attalias><attrtype Sync="TRUE">String</attrtype><attwidth Sync="TRUE">254</attwidth><atprecis Sync="TRUE">0</atprecis><attscale Sync="TRUE">0</attscale></attr><attr><attrlabl Sync="TRUE">Shape__Are</attrlabl><attalias Sync="TRUE">Shape__Are</attalias><attrtype Sync="TRUE">Double</attrtype><attwidth Sync="TRUE">19</attwidth><atprecis Sync="TRUE">0</atprecis><attscale Sync="TRUE">0</attscale></attr><attr><attrlabl Sync="TRUE">Shape__Len</attrlabl><attalias Sync="TRUE">Shape__Len</attalias><attrtype Sync="TRUE">Double</attrtype><attwidth Sync="TRUE">19</attwidth><atprecis Sync="TRUE">0</atprecis><attscale Sync="TRUE">0</attscale></attr><attr><attrlabl Sync="TRUE">Shape_Leng</attrlabl><attalias Sync="TRUE">Shape_Leng</attalias><attrtype Sync="TRUE">Double</attrtype><attwidth Sync="TRUE">19</attwidth><atprecis Sync="TRUE">0</atprecis><attscale Sync="TRUE">0</attscale></attr><attr>
				<attrlabl>Shape_Area</attrlabl>
				<attrdef>Area of feature in internal units squared.</attrdef>
				<attrdefs>Esri</attrdefs>
				<attrdomv>
					<udom>Positive real numbers that are automatically generated.</udom>
				</attrdomv>
				<attalias Sync="TRUE">Shape_Area</attalias><attrtype Sync="TRUE">Double</attrtype><attwidth Sync="TRUE">19</attwidth><atprecis Sync="TRUE">0</atprecis><attscale Sync="TRUE">0</attscale></attr>
		</detailed>
	</eainfo>
	<mdLang><languageCode value="eng" Sync="TRUE"></languageCode><countryCode value="USA" Sync="TRUE"></countryCode></mdLang><distInfo><distFormat><formatName Sync="TRUE">Shapefile</formatName></distFormat><distTranOps><transSize Sync="TRUE">0.000</transSize></distTranOps></distInfo><mdHrLvName Sync="TRUE">dataset</mdHrLvName><refSysInfo><RefSystem><refSysID><identCode code="4326" Sync="TRUE"></identCode><idCodeSpace Sync="TRUE">EPSG</idCodeSpace><idVersion Sync="TRUE">6.2(3.0.1)</idVersion></refSysID></RefSystem></refSysInfo><spdoinfo><ptvctinf><esriterm Name="BOEMWindLeases_6_30_2022"><efeatyp Sync="TRUE">Simple</efeatyp><efeageom code="4" Sync="TRUE"></efeageom><esritopo Sync="TRUE">FALSE</esritopo><efeacnt Sync="TRUE">0</efeacnt><spindex Sync="TRUE">FALSE</spindex><linrefer Sync="TRUE">FALSE</linrefer></esriterm></ptvctinf></spdoinfo></metadata>
